tabId,slug,levelKey,locale,title,description,status,slug_local,autoTranslated
cmgr69spn000ftm5oi5fjwtg1,policy,national,en,Policy,National policy,published,policy,false
cmgr69spq000htm5oecsy4zuj,climate,global,en,Climate,Global climate,published,climate,false
cmgr69sps000jtm5otij83hi6,trade,global,en,Trade,Global trade,published,trade,false
cmgr69spv000ltm5o79r6ujvh,cosmos,universal,en,Cosmos,Universe timeline,published,cosmos,false
cmgr69spy000ntm5ota4o9q94,philosophy,universal,en,Philosophy,Big ideas,published,philosophy,false
cmgr69sp40001tm5ofu6x7430,self,personal,en,Self,Personal self,published,self,false
cmgr69sp80003tm5orin9kp6a,social,personal,en,Social,Friends & social,published,social,false
cmgr69spb0005tm5ofi3fdwzo,learn,personal,en,Learn,Learning,published,learn,false
cmgr69spd0007tm5oo1k0df11,earn,personal,en,Earn,Work & income,published,earn,false
cmgr69spg0009tm5ogqyb8hb6,local-gov,state,en,Local Gov,State / Local governance,published,local-gov,false
cmgr69spi000btm5ooljvg32h,services,state,en,Services,Local services,published,services,false
cmgr69spl000dtm5obf4ibwsb,economy,national,en,Economy,National economy,published,economy,false
cmgrpzn40000ptmrwg07itx9w,personal-r1-c1,personal,en,Personal Tab R1C1,Personal default tab at row 1 column 1 (auto-generated),published,personal-r1-c1,false
cmgrpzn43000rtmrw8lp5k72b,personal-r1-c2,personal,en,Personal Tab R1C2,Personal default tab at row 1 column 2 (auto-generated),published,personal-r1-c2,false
cmgrpzn46000ttmrwsjslg7si,personal-r1-c3,personal,en,Personal Tab R1C3,Personal default tab at row 1 column 3 (auto-generated),published,personal-r1-c3,false
cmgrpzn48000vtmrw5g8ripma,personal-r1-c4,personal,en,Personal Tab R1C4,Personal default tab at row 1 column 4 (auto-generated),published,personal-r1-c4,false
cmgrpzn4a000xtmrwoq68s9hc,personal-r1-c5,personal,en,Personal Tab R1C5,Personal default tab at row 1 column 5 (auto-generated),published,personal-r1-c5,false
cmgrpzn4d000ztmrwkkxzxqs5,personal-r1-c6,personal,en,Personal Tab R1C6,Personal default tab at row 1 column 6 (auto-generated),published,personal-r1-c6,false
cmgrpzn4g0011tmrw89c9lid8,personal-r2-c1,personal,en,Personal Tab R2C1,Personal default tab at row 2 column 1 (auto-generated),published,personal-r2-c1,false
cmgrpzn4j0013tmrwlxks0o62,personal-r2-c2,personal,en,Personal Tab R2C2,Personal default tab at row 2 column 2 (auto-generated),published,personal-r2-c2,false
cmgrpzn4l0015tmrw2b61gfgt,personal-r2-c3,personal,en,Personal Tab R2C3,Personal default tab at row 2 column 3 (auto-generated),published,personal-r2-c3,false
cmgrpzn4o0017tmrw4z8hhwgq,personal-r2-c4,personal,en,Personal Tab R2C4,Personal default tab at row 2 column 4 (auto-generated),published,personal-r2-c4,false
cmgrpzn4q0019tmrwgiolj4lp,personal-r2-c5,personal,en,Personal Tab R2C5,Personal default tab at row 2 column 5 (auto-generated),published,personal-r2-c5,false
cmgrpzn4t001btmrwheplu3vy,personal-r2-c6,personal,en,Personal Tab R2C6,Personal default tab at row 2 column 6 (auto-generated),published,personal-r2-c6,false
cmgrpzn4x001dtmrwunrs138z,personal-r3-c1,personal,en,Personal Tab R3C1,Personal default tab at row 3 column 1 (auto-generated),published,personal-r3-c1,false
cmgrpzn51001ftmrwtc97azkf,personal-r3-c2,personal,en,Personal Tab R3C2,Personal default tab at row 3 column 2 (auto-generated),published,personal-r3-c2,false
cmgrpzn54001htmrwk29gstkd,personal-r3-c3,personal,en,Personal Tab R3C3,Personal default tab at row 3 column 3 (auto-generated),published,personal-r3-c3,false
cmgrpzn56001jtmrw5085nzjw,personal-r3-c4,personal,en,Personal Tab R3C4,Personal default tab at row 3 column 4 (auto-generated),published,personal-r3-c4,false
cmgrpzn58001ltmrwbd4323x4,personal-r3-c5,personal,en,Personal Tab R3C5,Personal default tab at row 3 column 5 (auto-generated),published,personal-r3-c5,false
cmgrpzn5a001ntmrw1midk257,personal-r3-c6,personal,en,Personal Tab R3C6,Personal default tab at row 3 column 6 (auto-generated),published,personal-r3-c6,false
cmgrpzn5d001ptmrwnhhqgvy2,personal-r4-c1,personal,en,Personal Tab R4C1,Personal default tab at row 4 column 1 (auto-generated),published,personal-r4-c1,false
cmgrpzn5f001rtmrw06wisuel,personal-r4-c2,personal,en,Personal Tab R4C2,Personal default tab at row 4 column 2 (auto-generated),published,personal-r4-c2,false
cmgrpzn5h001ttmrwnjmwqeno,personal-r4-c3,personal,en,Personal Tab R4C3,Personal default tab at row 4 column 3 (auto-generated),published,personal-r4-c3,false
cmgrpzn5j001vtmrw5p9762ny,personal-r4-c4,personal,en,Personal Tab R4C4,Personal default tab at row 4 column 4 (auto-generated),published,personal-r4-c4,false
cmgrpzn5l001xtmrw83aoynau,personal-r4-c5,personal,en,Personal Tab R4C5,Personal default tab at row 4 column 5 (auto-generated),published,personal-r4-c5,false
cmgrpzn5n001ztmrwyi33anuu,personal-r4-c6,personal,en,Personal Tab R4C6,Personal default tab at row 4 column 6 (auto-generated),published,personal-r4-c6,false
cmgrpzn5p0021tmrwx0cwgr3z,personal-r5-c1,personal,en,Personal Tab R5C1,Personal default tab at row 5 column 1 (auto-generated),published,personal-r5-c1,false
cmgrpzn5s0023tmrwgag5g72h,personal-r5-c2,personal,en,Personal Tab R5C2,Personal default tab at row 5 column 2 (auto-generated),published,personal-r5-c2,false
cmgrpzn5u0025tmrw7pesdbgp,personal-r5-c3,personal,en,Personal Tab R5C3,Personal default tab at row 5 column 3 (auto-generated),published,personal-r5-c3,false
cmgrpzn5x0027tmrw49qmrdst,personal-r5-c4,personal,en,Personal Tab R5C4,Personal default tab at row 5 column 4 (auto-generated),published,personal-r5-c4,false
cmgrpzn5z0029tmrwcpf2xh2h,personal-r5-c5,personal,en,Personal Tab R5C5,Personal default tab at row 5 column 5 (auto-generated),published,personal-r5-c5,false
cmgrpzn61002btmrw04v1v441,personal-r5-c6,personal,en,Personal Tab R5C6,Personal default tab at row 5 column 6 (auto-generated),published,personal-r5-c6,false
cmgrpzn63002dtmrw6byrjh7q,personal-r6-c1,personal,en,Personal Tab R6C1,Personal default tab at row 6 column 1 (auto-generated),published,personal-r6-c1,false
cmgrpzn66002ftmrw4kp2n1gz,personal-r6-c2,personal,en,Personal Tab R6C2,Personal default tab at row 6 column 2 (auto-generated),published,personal-r6-c2,false
cmgrpzn68002htmrwqlr0uqim,personal-r6-c3,personal,en,Personal Tab R6C3,Personal default tab at row 6 column 3 (auto-generated),published,personal-r6-c3,false
cmgrpzn6a002jtmrwu699bhlc,personal-r6-c4,personal,en,Personal Tab R6C4,Personal default tab at row 6 column 4 (auto-generated),published,personal-r6-c4,false
cmgrpzn6c002ltmrwvqy7lokc,personal-r6-c5,personal,en,Personal Tab R6C5,Personal default tab at row 6 column 5 (auto-generated),published,personal-r6-c5,false
cmgrpzn6e002ntmrwd1i4pc6a,personal-r6-c6,personal,en,Personal Tab R6C6,Personal default tab at row 6 column 6 (auto-generated),published,personal-r6-c6,false
cmgrpzn6g002ptmrw55saiukm,personal-r7-c1,personal,en,Personal Tab R7C1,Personal default tab at row 7 column 1 (auto-generated),published,personal-r7-c1,false
cmgrpzn6j002rtmrw57x1lfkx,personal-r7-c2,personal,en,Personal Tab R7C2,Personal default tab at row 7 column 2 (auto-generated),published,personal-r7-c2,false
cmgrpzn6l002ttmrwbpw1ttyz,personal-r7-c3,personal,en,Personal Tab R7C3,Personal default tab at row 7 column 3 (auto-generated),published,personal-r7-c3,false
cmgrpzn6q002vtmrwpvne4nly,personal-r7-c4,personal,en,Personal Tab R7C4,Personal default tab at row 7 column 4 (auto-generated),published,personal-r7-c4,false
cmgrpzn6t002xtmrw81g0bzu2,personal-r7-c5,personal,en,Personal Tab R7C5,Personal default tab at row 7 column 5 (auto-generated),published,personal-r7-c5,false
cmgrpzn6v002ztmrwgum17kte,personal-r7-c6,personal,en,Personal Tab R7C6,Personal default tab at row 7 column 6 (auto-generated),published,personal-r7-c6,false
cmgrpzn6y0031tmrw6e9u5rmm,personal-r8-c1,personal,en,Personal Tab R8C1,Personal default tab at row 8 column 1 (auto-generated),published,personal-r8-c1,false
cmgrpzn700033tmrwo8slyt8p,personal-r8-c2,personal,en,Personal Tab R8C2,Personal default tab at row 8 column 2 (auto-generated),published,personal-r8-c2,false
cmgrpzn720035tmrw1x6tvddu,personal-r8-c3,personal,en,Personal Tab R8C3,Personal default tab at row 8 column 3 (auto-generated),published,personal-r8-c3,false
cmgrpzn740037tmrw7hothvea,personal-r8-c4,personal,en,Personal Tab R8C4,Personal default tab at row 8 column 4 (auto-generated),published,personal-r8-c4,false
cmgrpzn770039tmrwi5xqlvb0,personal-r8-c5,personal,en,Personal Tab R8C5,Personal default tab at row 8 column 5 (auto-generated),published,personal-r8-c5,false
cmgrpzn7a003btmrwoq53stm6,personal-r8-c6,personal,en,Personal Tab R8C6,Personal default tab at row 8 column 6 (auto-generated),published,personal-r8-c6,false
cmgrpzn7c003dtmrwlm41niyg,personal-r9-c1,personal,en,Personal Tab R9C1,Personal default tab at row 9 column 1 (auto-generated),published,personal-r9-c1,false
cmgrpzn7g003ftmrw295xl2s2,personal-r9-c2,personal,en,Personal Tab R9C2,Personal default tab at row 9 column 2 (auto-generated),published,personal-r9-c2,false
cmgrpzn7i003htmrwzees2dab,personal-r9-c3,personal,en,Personal Tab R9C3,Personal default tab at row 9 column 3 (auto-generated),published,personal-r9-c3,false
cmgrpzn7k003jtmrwp7qt3piv,personal-r9-c4,personal,en,Personal Tab R9C4,Personal default tab at row 9 column 4 (auto-generated),published,personal-r9-c4,false
cmgrpzn7m003ltmrwkqmm7o7t,personal-r9-c5,personal,en,Personal Tab R9C5,Personal default tab at row 9 column 5 (auto-generated),published,personal-r9-c5,false
cmgrpzn7o003ntmrwamn1a0u1,personal-r9-c6,personal,en,Personal Tab R9C6,Personal default tab at row 9 column 6 (auto-generated),published,personal-r9-c6,false
cmgrpzn7q003ptmrw01bsu0ss,personal-r10-c1,personal,en,Personal Tab R10C1,Personal default tab at row 10 column 1 (auto-generated),published,personal-r10-c1,false
cmgrpzn7s003rtmrwbbu3fwtl,personal-r10-c2,personal,en,Personal Tab R10C2,Personal default tab at row 10 column 2 (auto-generated),published,personal-r10-c2,false
cmgrpzn7v003ttmrw80ko3zbr,personal-r10-c3,personal,en,Personal Tab R10C3,Personal default tab at row 10 column 3 (auto-generated),published,personal-r10-c3,false
cmgrpzn7x003vtmrwsoywqavr,personal-r10-c4,personal,en,Personal Tab R10C4,Personal default tab at row 10 column 4 (auto-generated),published,personal-r10-c4,false
cmgrpzn7z003xtmrwim5p9lao,personal-r10-c5,personal,en,Personal Tab R10C5,Personal default tab at row 10 column 5 (auto-generated),published,personal-r10-c5,false
cmgrpzn82003ztmrw0amha7w9,personal-r10-c6,personal,en,Personal Tab R10C6,Personal default tab at row 10 column 6 (auto-generated),published,personal-r10-c6,false
cmgrpzn840041tmrw1fp2w4py,personal-r11-c1,personal,en,Personal Tab R11C1,Personal default tab at row 11 column 1 (auto-generated),published,personal-r11-c1,false
cmgrpzn860043tmrwxshytrk0,personal-r11-c2,personal,en,Personal Tab R11C2,Personal default tab at row 11 column 2 (auto-generated),published,personal-r11-c2,false
cmgrpzn880045tmrwvlpw6on1,personal-r11-c3,personal,en,Personal Tab R11C3,Personal default tab at row 11 column 3 (auto-generated),published,personal-r11-c3,false
cmgrpzn8b0047tmrw22y7460z,personal-r11-c4,personal,en,Personal Tab R11C4,Personal default tab at row 11 column 4 (auto-generated),published,personal-r11-c4,false
cmgrpzn8d0049tmrwe2rqz4kj,personal-r11-c5,personal,en,Personal Tab R11C5,Personal default tab at row 11 column 5 (auto-generated),published,personal-r11-c5,false
cmgrpzn8f004btmrwvazfmtda,personal-r11-c6,personal,en,Personal Tab R11C6,Personal default tab at row 11 column 6 (auto-generated),published,personal-r11-c6,false
cmgrpzn8j004dtmrw9mutja9j,personal-r12-c1,personal,en,Personal Tab R12C1,Personal default tab at row 12 column 1 (auto-generated),published,personal-r12-c1,false
cmgrpzn8l004ftmrwcf81jxoq,personal-r12-c2,personal,en,Personal Tab R12C2,Personal default tab at row 12 column 2 (auto-generated),published,personal-r12-c2,false
cmgrpzn8n004htmrw14bchrwl,personal-r12-c3,personal,en,Personal Tab R12C3,Personal default tab at row 12 column 3 (auto-generated),published,personal-r12-c3,false
cmgrpzn8p004jtmrw9rm2k10n,personal-r12-c4,personal,en,Personal Tab R12C4,Personal default tab at row 12 column 4 (auto-generated),published,personal-r12-c4,false
cmgrpzn8s004ltmrwry993jrm,personal-r12-c5,personal,en,Personal Tab R12C5,Personal default tab at row 12 column 5 (auto-generated),published,personal-r12-c5,false
cmgrpzn8u004ntmrwssmo1be6,personal-r12-c6,personal,en,Personal Tab R12C6,Personal default tab at row 12 column 6 (auto-generated),published,personal-r12-c6,false
cmgrpzn8w004ptmrwqoaccb42,personal-r13-c1,personal,en,Personal Tab R13C1,Personal default tab at row 13 column 1 (auto-generated),published,personal-r13-c1,false
cmgrpzn8y004rtmrwboy3bwcp,personal-r13-c2,personal,en,Personal Tab R13C2,Personal default tab at row 13 column 2 (auto-generated),published,personal-r13-c2,false
cmgrpzn90004ttmrwu5n052o6,personal-r13-c3,personal,en,Personal Tab R13C3,Personal default tab at row 13 column 3 (auto-generated),published,personal-r13-c3,false
cmgrpzn92004vtmrw6ibikz75,personal-r13-c4,personal,en,Personal Tab R13C4,Personal default tab at row 13 column 4 (auto-generated),published,personal-r13-c4,false
cmgrpzn94004xtmrwhyy5b0wm,personal-r13-c5,personal,en,Personal Tab R13C5,Personal default tab at row 13 column 5 (auto-generated),published,personal-r13-c5,false
cmgrpzn97004ztmrw513hkuea,personal-r13-c6,personal,en,Personal Tab R13C6,Personal default tab at row 13 column 6 (auto-generated),published,personal-r13-c6,false
cmgrpzn990051tmrw2ri87b37,personal-r14-c1,personal,en,Personal Tab R14C1,Personal default tab at row 14 column 1 (auto-generated),published,personal-r14-c1,false
cmgrpzn9b0053tmrwpm6t2su8,personal-r14-c2,personal,en,Personal Tab R14C2,Personal default tab at row 14 column 2 (auto-generated),published,personal-r14-c2,false
cmgrpzn9c0055tmrw57o5kqjs,personal-r14-c3,personal,en,Personal Tab R14C3,Personal default tab at row 14 column 3 (auto-generated),published,personal-r14-c3,false
cmgrpzn9e0057tmrwrbbpuk8k,personal-r14-c4,personal,en,Personal Tab R14C4,Personal default tab at row 14 column 4 (auto-generated),published,personal-r14-c4,false
cmgrpzn9g0059tmrwx98s7dd6,personal-r14-c5,personal,en,Personal Tab R14C5,Personal default tab at row 14 column 5 (auto-generated),published,personal-r14-c5,false
cmgrpzn9i005btmrw2y6ua5qo,personal-r14-c6,personal,en,Personal Tab R14C6,Personal default tab at row 14 column 6 (auto-generated),published,personal-r14-c6,false
cmgrpzn9l005dtmrwdh4eolkh,personal-r15-c1,personal,en,Personal Tab R15C1,Personal default tab at row 15 column 1 (auto-generated),published,personal-r15-c1,false
cmgrpzn9n005ftmrw6k3ug7xm,personal-r15-c2,personal,en,Personal Tab R15C2,Personal default tab at row 15 column 2 (auto-generated),published,personal-r15-c2,false
cmgrpzn9r005htmrw2hnovlsv,personal-r15-c3,personal,en,Personal Tab R15C3,Personal default tab at row 15 column 3 (auto-generated),published,personal-r15-c3,false
cmgrpzn9v005jtmrwxt1n12s7,personal-r15-c4,personal,en,Personal Tab R15C4,Personal default tab at row 15 column 4 (auto-generated),published,personal-r15-c4,false
cmgrpzn9y005ltmrwmqmtbtib,personal-r15-c5,personal,en,Personal Tab R15C5,Personal default tab at row 15 column 5 (auto-generated),published,personal-r15-c5,false
cmgrpzna0005ntmrwugadfltz,personal-r15-c6,personal,en,Personal Tab R15C6,Personal default tab at row 15 column 6 (auto-generated),published,personal-r15-c6,false
cmgrpzna3005ptmrwxiaeohri,state-r1-c1,state,en,State Tab R1C1,State default tab at row 1 column 1 (auto-generated),published,state-r1-c1,false
cmgrpzna5005rtmrwgdc637lr,state-r1-c2,state,en,State Tab R1C2,State default tab at row 1 column 2 (auto-generated),published,state-r1-c2,false
cmgrpzna7005ttmrwcfmd7c53,state-r1-c3,state,en,State Tab R1C3,State default tab at row 1 column 3 (auto-generated),published,state-r1-c3,false
cmgrpzna9005vtmrw3obdaeda,state-r1-c4,state,en,State Tab R1C4,State default tab at row 1 column 4 (auto-generated),published,state-r1-c4,false
cmgrpznab005xtmrwz15u3wla,state-r1-c5,state,en,State Tab R1C5,State default tab at row 1 column 5 (auto-generated),published,state-r1-c5,false
cmgrpznad005ztmrwace0xn4r,state-r1-c6,state,en,State Tab R1C6,State default tab at row 1 column 6 (auto-generated),published,state-r1-c6,false
cmgrpznag0061tmrwgd5ll2dd,state-r2-c1,state,en,State Tab R2C1,State default tab at row 2 column 1 (auto-generated),published,state-r2-c1,false
cmgrpznai0063tmrwyyroa6a0,state-r2-c2,state,en,State Tab R2C2,State default tab at row 2 column 2 (auto-generated),published,state-r2-c2,false
cmgrpznak0065tmrw9p4scz3v,state-r2-c3,state,en,State Tab R2C3,State default tab at row 2 column 3 (auto-generated),published,state-r2-c3,false
cmgrpznam0067tmrw0zq0nn4t,state-r2-c4,state,en,State Tab R2C4,State default tab at row 2 column 4 (auto-generated),published,state-r2-c4,false
cmgrpznao0069tmrwwz4oxsyh,state-r2-c5,state,en,State Tab R2C5,State default tab at row 2 column 5 (auto-generated),published,state-r2-c5,false
cmgrpznaq006btmrwhtlmw85d,state-r2-c6,state,en,State Tab R2C6,State default tab at row 2 column 6 (auto-generated),published,state-r2-c6,false
cmgrpznas006dtmrwpl92vycv,state-r3-c1,state,en,State Tab R3C1,State default tab at row 3 column 1 (auto-generated),published,state-r3-c1,false
cmgrpznau006ftmrwalmwxy3e,state-r3-c2,state,en,State Tab R3C2,State default tab at row 3 column 2 (auto-generated),published,state-r3-c2,false
cmgrpznax006htmrw0hokpt1b,state-r3-c3,state,en,State Tab R3C3,State default tab at row 3 column 3 (auto-generated),published,state-r3-c3,false
cmgrpznb0006jtmrw53ur5bol,state-r3-c4,state,en,State Tab R3C4,State default tab at row 3 column 4 (auto-generated),published,state-r3-c4,false
cmgrpznb2006ltmrwd66clv0l,state-r3-c5,state,en,State Tab R3C5,State default tab at row 3 column 5 (auto-generated),published,state-r3-c5,false
cmgrpznb4006ntmrw24lq7hcx,state-r3-c6,state,en,State Tab R3C6,State default tab at row 3 column 6 (auto-generated),published,state-r3-c6,false
cmgrpznb7006ptmrwgz2v4rw7,state-r4-c1,state,en,State Tab R4C1,State default tab at row 4 column 1 (auto-generated),published,state-r4-c1,false
cmgrpznb9006rtmrwod8rei7i,state-r4-c2,state,en,State Tab R4C2,State default tab at row 4 column 2 (auto-generated),published,state-r4-c2,false
cmgrpznbb006ttmrw1atkf0yk,state-r4-c3,state,en,State Tab R4C3,State default tab at row 4 column 3 (auto-generated),published,state-r4-c3,false
cmgrpznbe006vtmrwe22qbcs1,state-r4-c4,state,en,State Tab R4C4,State default tab at row 4 column 4 (auto-generated),published,state-r4-c4,false
cmgrpznbg006xtmrwwbibs496,state-r4-c5,state,en,State Tab R4C5,State default tab at row 4 column 5 (auto-generated),published,state-r4-c5,false
cmgrpznbi006ztmrwhc1lxh4f,state-r4-c6,state,en,State Tab R4C6,State default tab at row 4 column 6 (auto-generated),published,state-r4-c6,false
cmgrpznbl0071tmrwk6xf5pao,state-r5-c1,state,en,State Tab R5C1,State default tab at row 5 column 1 (auto-generated),published,state-r5-c1,false
cmgrpznbn0073tmrwzjq9qklw,state-r5-c2,state,en,State Tab R5C2,State default tab at row 5 column 2 (auto-generated),published,state-r5-c2,false
cmgrpznbp0075tmrwsszl9chr,state-r5-c3,state,en,State Tab R5C3,State default tab at row 5 column 3 (auto-generated),published,state-r5-c3,false
cmgrpznbr0077tmrwrf3el3f7,state-r5-c4,state,en,State Tab R5C4,State default tab at row 5 column 4 (auto-generated),published,state-r5-c4,false
cmgrpznbt0079tmrwyiltuqaq,state-r5-c5,state,en,State Tab R5C5,State default tab at row 5 column 5 (auto-generated),published,state-r5-c5,false
cmgrpznbv007btmrw6uf90r4x,state-r5-c6,state,en,State Tab R5C6,State default tab at row 5 column 6 (auto-generated),published,state-r5-c6,false
cmgrpznbx007dtmrwjqgsvn08,state-r6-c1,state,en,State Tab R6C1,State default tab at row 6 column 1 (auto-generated),published,state-r6-c1,false
cmgrpznbz007ftmrwjahdetsy,state-r6-c2,state,en,State Tab R6C2,State default tab at row 6 column 2 (auto-generated),published,state-r6-c2,false
cmgrpznc1007htmrwwmasdeit,state-r6-c3,state,en,State Tab R6C3,State default tab at row 6 column 3 (auto-generated),published,state-r6-c3,false
cmgrpznc4007jtmrwy86swaq9,state-r6-c4,state,en,State Tab R6C4,State default tab at row 6 column 4 (auto-generated),published,state-r6-c4,false
cmgrpznc6007ltmrwjls0ip5x,state-r6-c5,state,en,State Tab R6C5,State default tab at row 6 column 5 (auto-generated),published,state-r6-c5,false
cmgrpznc8007ntmrw9we8chds,state-r6-c6,state,en,State Tab R6C6,State default tab at row 6 column 6 (auto-generated),published,state-r6-c6,false
cmgrpznca007ptmrw1e1szy4x,state-r7-c1,state,en,State Tab R7C1,State default tab at row 7 column 1 (auto-generated),published,state-r7-c1,false
cmgrpzncd007rtmrw53wvg2bv,state-r7-c2,state,en,State Tab R7C2,State default tab at row 7 column 2 (auto-generated),published,state-r7-c2,false
cmgrpzncf007ttmrwnk6bgctg,state-r7-c3,state,en,State Tab R7C3,State default tab at row 7 column 3 (auto-generated),published,state-r7-c3,false
cmgrpznci007vtmrwnjzs0a5t,state-r7-c4,state,en,State Tab R7C4,State default tab at row 7 column 4 (auto-generated),published,state-r7-c4,false
cmgrpznck007xtmrwb2dgcb4h,state-r7-c5,state,en,State Tab R7C5,State default tab at row 7 column 5 (auto-generated),published,state-r7-c5,false
cmgrpzncm007ztmrwgrvgg77g,state-r7-c6,state,en,State Tab R7C6,State default tab at row 7 column 6 (auto-generated),published,state-r7-c6,false
cmgrpzncp0081tmrw3m34n0f5,state-r8-c1,state,en,State Tab R8C1,State default tab at row 8 column 1 (auto-generated),published,state-r8-c1,false
cmgrpznct0083tmrwb6r4jeqt,state-r8-c2,state,en,State Tab R8C2,State default tab at row 8 column 2 (auto-generated),published,state-r8-c2,false
cmgrpzncw0085tmrwftnplypi,state-r8-c3,state,en,State Tab R8C3,State default tab at row 8 column 3 (auto-generated),published,state-r8-c3,false
cmgrpzncz0087tmrwjmjob2bn,state-r8-c4,state,en,State Tab R8C4,State default tab at row 8 column 4 (auto-generated),published,state-r8-c4,false
cmgrpznd10089tmrw2yb0cju0,state-r8-c5,state,en,State Tab R8C5,State default tab at row 8 column 5 (auto-generated),published,state-r8-c5,false
cmgrpznd3008btmrwsv1suh7v,state-r8-c6,state,en,State Tab R8C6,State default tab at row 8 column 6 (auto-generated),published,state-r8-c6,false
cmgrpznd6008dtmrweytm7fe0,state-r9-c1,state,en,State Tab R9C1,State default tab at row 9 column 1 (auto-generated),published,state-r9-c1,false
cmgrpznd8008ftmrwkmn9nonb,state-r9-c2,state,en,State Tab R9C2,State default tab at row 9 column 2 (auto-generated),published,state-r9-c2,false
cmgrpznda008htmrw26cdvm1r,state-r9-c3,state,en,State Tab R9C3,State default tab at row 9 column 3 (auto-generated),published,state-r9-c3,false
cmgrpzndc008jtmrwo7xjg9k9,state-r9-c4,state,en,State Tab R9C4,State default tab at row 9 column 4 (auto-generated),published,state-r9-c4,false
cmgrpznde008ltmrw16fk7q1h,state-r9-c5,state,en,State Tab R9C5,State default tab at row 9 column 5 (auto-generated),published,state-r9-c5,false
cmgrpzndh008ntmrwzpyqct99,state-r9-c6,state,en,State Tab R9C6,State default tab at row 9 column 6 (auto-generated),published,state-r9-c6,false
cmgrpzndj008ptmrwnpc07d4b,state-r10-c1,state,en,State Tab R10C1,State default tab at row 10 column 1 (auto-generated),published,state-r10-c1,false
cmgrpzndl008rtmrwvaz31y82,state-r10-c2,state,en,State Tab R10C2,State default tab at row 10 column 2 (auto-generated),published,state-r10-c2,false
cmgrpzndo008ttmrwpz9ijvrn,state-r10-c3,state,en,State Tab R10C3,State default tab at row 10 column 3 (auto-generated),published,state-r10-c3,false
cmgrpzndq008vtmrw4h75lztd,state-r10-c4,state,en,State Tab R10C4,State default tab at row 10 column 4 (auto-generated),published,state-r10-c4,false
cmgrpznds008xtmrwobjumch5,state-r10-c5,state,en,State Tab R10C5,State default tab at row 10 column 5 (auto-generated),published,state-r10-c5,false
cmgrpzndv008ztmrwkio0and2,state-r10-c6,state,en,State Tab R10C6,State default tab at row 10 column 6 (auto-generated),published,state-r10-c6,false
cmgrpzndx0091tmrwtua2fwrs,state-r11-c1,state,en,State Tab R11C1,State default tab at row 11 column 1 (auto-generated),published,state-r11-c1,false
cmgrpzne00093tmrwv6v679jj,state-r11-c2,state,en,State Tab R11C2,State default tab at row 11 column 2 (auto-generated),published,state-r11-c2,false
cmgrpzne20095tmrw0r1hzbxp,state-r11-c3,state,en,State Tab R11C3,State default tab at row 11 column 3 (auto-generated),published,state-r11-c3,false
cmgrpzne40097tmrwqgdckjak,state-r11-c4,state,en,State Tab R11C4,State default tab at row 11 column 4 (auto-generated),published,state-r11-c4,false
cmgrpzne70099tmrwdy1ziq1b,state-r11-c5,state,en,State Tab R11C5,State default tab at row 11 column 5 (auto-generated),published,state-r11-c5,false
cmgrpzne9009btmrwesarebdj,state-r11-c6,state,en,State Tab R11C6,State default tab at row 11 column 6 (auto-generated),published,state-r11-c6,false
cmgrpzned009dtmrw11roimka,state-r12-c1,state,en,State Tab R12C1,State default tab at row 12 column 1 (auto-generated),published,state-r12-c1,false
cmgrpznef009ftmrw5wq1y2ze,state-r12-c2,state,en,State Tab R12C2,State default tab at row 12 column 2 (auto-generated),published,state-r12-c2,false
cmgrpzneh009htmrwe9as9m7e,state-r12-c3,state,en,State Tab R12C3,State default tab at row 12 column 3 (auto-generated),published,state-r12-c3,false
cmgrpznek009jtmrw460fqo1x,state-r12-c4,state,en,State Tab R12C4,State default tab at row 12 column 4 (auto-generated),published,state-r12-c4,false
cmgrpznem009ltmrw9y2s2kdc,state-r12-c5,state,en,State Tab R12C5,State default tab at row 12 column 5 (auto-generated),published,state-r12-c5,false
cmgrpzneo009ntmrwixrpe3si,state-r12-c6,state,en,State Tab R12C6,State default tab at row 12 column 6 (auto-generated),published,state-r12-c6,false
cmgrpznes009ptmrwnf8fsnid,state-r13-c1,state,en,State Tab R13C1,State default tab at row 13 column 1 (auto-generated),published,state-r13-c1,false
cmgrpznew009rtmrwm0m9wbbv,state-r13-c2,state,en,State Tab R13C2,State default tab at row 13 column 2 (auto-generated),published,state-r13-c2,false
cmgrpznf0009ttmrwuq7slgl1,state-r13-c3,state,en,State Tab R13C3,State default tab at row 13 column 3 (auto-generated),published,state-r13-c3,false
cmgrpznf3009vtmrwuvtqccb6,state-r13-c4,state,en,State Tab R13C4,State default tab at row 13 column 4 (auto-generated),published,state-r13-c4,false
cmgrpznf6009xtmrwxh1ta4fw,state-r13-c5,state,en,State Tab R13C5,State default tab at row 13 column 5 (auto-generated),published,state-r13-c5,false
cmgrpznfa009ztmrw710il5sk,state-r13-c6,state,en,State Tab R13C6,State default tab at row 13 column 6 (auto-generated),published,state-r13-c6,false
cmgrpznfe00a1tmrw8p3dovsx,state-r14-c1,state,en,State Tab R14C1,State default tab at row 14 column 1 (auto-generated),published,state-r14-c1,false
cmgrpznfg00a3tmrwm233u0nm,state-r14-c2,state,en,State Tab R14C2,State default tab at row 14 column 2 (auto-generated),published,state-r14-c2,false
cmgrpznfj00a5tmrwfnuhxsv5,state-r14-c3,state,en,State Tab R14C3,State default tab at row 14 column 3 (auto-generated),published,state-r14-c3,false
cmgrpznfn00a7tmrw17s49z7o,state-r14-c4,state,en,State Tab R14C4,State default tab at row 14 column 4 (auto-generated),published,state-r14-c4,false
cmgrpznfq00a9tmrwt1j2b03o,state-r14-c5,state,en,State Tab R14C5,State default tab at row 14 column 5 (auto-generated),published,state-r14-c5,false
cmgrpznft00abtmrw1e2lfgh2,state-r14-c6,state,en,State Tab R14C6,State default tab at row 14 column 6 (auto-generated),published,state-r14-c6,false
cmgrpznfv00adtmrwailrewgf,state-r15-c1,state,en,State Tab R15C1,State default tab at row 15 column 1 (auto-generated),published,state-r15-c1,false
cmgrpznfx00aftmrwhqp69bay,state-r15-c2,state,en,State Tab R15C2,State default tab at row 15 column 2 (auto-generated),published,state-r15-c2,false
cmgrpzng000ahtmrwo3z45vf2,state-r15-c3,state,en,State Tab R15C3,State default tab at row 15 column 3 (auto-generated),published,state-r15-c3,false
cmgrpzng200ajtmrwrzyvicxw,state-r15-c4,state,en,State Tab R15C4,State default tab at row 15 column 4 (auto-generated),published,state-r15-c4,false
cmgrpzng400altmrw5fxmgzlf,state-r15-c5,state,en,State Tab R15C5,State default tab at row 15 column 5 (auto-generated),published,state-r15-c5,false
cmgrpzng700antmrw0lr0xrv0,state-r15-c6,state,en,State Tab R15C6,State default tab at row 15 column 6 (auto-generated),published,state-r15-c6,false
cmgrpzng900aptmrwtj5buqw8,national-r1-c1,national,en,National Tab R1C1,National default tab at row 1 column 1 (auto-generated),published,national-r1-c1,false
cmgrpzngb00artmrw4qla2s2z,national-r1-c2,national,en,National Tab R1C2,National default tab at row 1 column 2 (auto-generated),published,national-r1-c2,false
cmgrpzngd00attmrwkq4kai2g,national-r1-c3,national,en,National Tab R1C3,National default tab at row 1 column 3 (auto-generated),published,national-r1-c3,false
cmgrpzngf00avtmrw2hs7vw0a,national-r1-c4,national,en,National Tab R1C4,National default tab at row 1 column 4 (auto-generated),published,national-r1-c4,false
cmgrpzngi00axtmrwwvb9d7u4,national-r1-c5,national,en,National Tab R1C5,National default tab at row 1 column 5 (auto-generated),published,national-r1-c5,false
cmgrpzngk00aztmrwa4ksu9fl,national-r1-c6,national,en,National Tab R1C6,National default tab at row 1 column 6 (auto-generated),published,national-r1-c6,false
cmgrpzngm00b1tmrw8jvn29db,national-r2-c1,national,en,National Tab R2C1,National default tab at row 2 column 1 (auto-generated),published,national-r2-c1,false
cmgrpzngp00b3tmrwyr3p7lxk,national-r2-c2,national,en,National Tab R2C2,National default tab at row 2 column 2 (auto-generated),published,national-r2-c2,false
cmgrpzngr00b5tmrwrcij4sda,national-r2-c3,national,en,National Tab R2C3,National default tab at row 2 column 3 (auto-generated),published,national-r2-c3,false
cmgrpzngt00b7tmrwzacppfhh,national-r2-c4,national,en,National Tab R2C4,National default tab at row 2 column 4 (auto-generated),published,national-r2-c4,false
cmgrpzngx00b9tmrwc6yavemu,national-r2-c5,national,en,National Tab R2C5,National default tab at row 2 column 5 (auto-generated),published,national-r2-c5,false
cmgrpznh000bbtmrw7za0o1hv,national-r2-c6,national,en,National Tab R2C6,National default tab at row 2 column 6 (auto-generated),published,national-r2-c6,false
cmgrpznh200bdtmrw4g6viar1,national-r3-c1,national,en,National Tab R3C1,National default tab at row 3 column 1 (auto-generated),published,national-r3-c1,false
cmgrpznh400bftmrww82hnses,national-r3-c2,national,en,National Tab R3C2,National default tab at row 3 column 2 (auto-generated),published,national-r3-c2,false
cmgrpznh600bhtmrwqeoznqrl,national-r3-c3,national,en,National Tab R3C3,National default tab at row 3 column 3 (auto-generated),published,national-r3-c3,false
cmgrpznh800bjtmrw0xqt0zxe,national-r3-c4,national,en,National Tab R3C4,National default tab at row 3 column 4 (auto-generated),published,national-r3-c4,false
cmgrpznha00bltmrw144cen8a,national-r3-c5,national,en,National Tab R3C5,National default tab at row 3 column 5 (auto-generated),published,national-r3-c5,false
cmgrpznhc00bntmrwmnaki408,national-r3-c6,national,en,National Tab R3C6,National default tab at row 3 column 6 (auto-generated),published,national-r3-c6,false
cmgrpznhf00bptmrwtosah54e,national-r4-c1,national,en,National Tab R4C1,National default tab at row 4 column 1 (auto-generated),published,national-r4-c1,false
cmgrpznhh00brtmrwmi6cqnmb,national-r4-c2,national,en,National Tab R4C2,National default tab at row 4 column 2 (auto-generated),published,national-r4-c2,false
cmgrpznhj00bttmrwx521kmsw,national-r4-c3,national,en,National Tab R4C3,National default tab at row 4 column 3 (auto-generated),published,national-r4-c3,false
cmgrpznhl00bvtmrwd4z72kq1,national-r4-c4,national,en,National Tab R4C4,National default tab at row 4 column 4 (auto-generated),published,national-r4-c4,false
cmgrpznho00bxtmrwtyve3m3s,national-r4-c5,national,en,National Tab R4C5,National default tab at row 4 column 5 (auto-generated),published,national-r4-c5,false
cmgrpznhq00bztmrwmd2vjiai,national-r4-c6,national,en,National Tab R4C6,National default tab at row 4 column 6 (auto-generated),published,national-r4-c6,false
cmgrpznhs00c1tmrwxbsv2m2k,national-r5-c1,national,en,National Tab R5C1,National default tab at row 5 column 1 (auto-generated),published,national-r5-c1,false
cmgrpznhu00c3tmrwha6m6lq0,national-r5-c2,national,en,National Tab R5C2,National default tab at row 5 column 2 (auto-generated),published,national-r5-c2,false
cmgrpznhw00c5tmrwjzcuhvnf,national-r5-c3,national,en,National Tab R5C3,National default tab at row 5 column 3 (auto-generated),published,national-r5-c3,false
cmgrpznhy00c7tmrwoiqxnlkt,national-r5-c4,national,en,National Tab R5C4,National default tab at row 5 column 4 (auto-generated),published,national-r5-c4,false
cmgrpzni000c9tmrwok2f13fd,national-r5-c5,national,en,National Tab R5C5,National default tab at row 5 column 5 (auto-generated),published,national-r5-c5,false
cmgrpzni200cbtmrwfh5kufs0,national-r5-c6,national,en,National Tab R5C6,National default tab at row 5 column 6 (auto-generated),published,national-r5-c6,false
cmgrpzni400cdtmrwc2bu3n3t,national-r6-c1,national,en,National Tab R6C1,National default tab at row 6 column 1 (auto-generated),published,national-r6-c1,false
cmgrpzni700cftmrw62ekb9ld,national-r6-c2,national,en,National Tab R6C2,National default tab at row 6 column 2 (auto-generated),published,national-r6-c2,false
cmgrpzni900chtmrw8r3pmgy4,national-r6-c3,national,en,National Tab R6C3,National default tab at row 6 column 3 (auto-generated),published,national-r6-c3,false
cmgrpznib00cjtmrwjtaf3qwq,national-r6-c4,national,en,National Tab R6C4,National default tab at row 6 column 4 (auto-generated),published,national-r6-c4,false
cmgrpznid00cltmrwl3ka05sj,national-r6-c5,national,en,National Tab R6C5,National default tab at row 6 column 5 (auto-generated),published,national-r6-c5,false
cmgrpznif00cntmrw3jg7xa8w,national-r6-c6,national,en,National Tab R6C6,National default tab at row 6 column 6 (auto-generated),published,national-r6-c6,false
cmgrpznih00cptmrwfbk2a9uz,national-r7-c1,national,en,National Tab R7C1,National default tab at row 7 column 1 (auto-generated),published,national-r7-c1,false
cmgrpznik00crtmrwswkxq5lx,national-r7-c2,national,en,National Tab R7C2,National default tab at row 7 column 2 (auto-generated),published,national-r7-c2,false
cmgrpznim00cttmrwffm4wnhz,national-r7-c3,national,en,National Tab R7C3,National default tab at row 7 column 3 (auto-generated),published,national-r7-c3,false
cmgrpznip00cvtmrwmgfvroqp,national-r7-c4,national,en,National Tab R7C4,National default tab at row 7 column 4 (auto-generated),published,national-r7-c4,false
cmgrpznit00cxtmrwu8gevza2,national-r7-c5,national,en,National Tab R7C5,National default tab at row 7 column 5 (auto-generated),published,national-r7-c5,false
cmgrpzniw00cztmrwmgrxmg2w,national-r7-c6,national,en,National Tab R7C6,National default tab at row 7 column 6 (auto-generated),published,national-r7-c6,false
cmgrpzniy00d1tmrwsk90g3mz,national-r8-c1,national,en,National Tab R8C1,National default tab at row 8 column 1 (auto-generated),published,national-r8-c1,false
cmgrpznj000d3tmrw70ym51xy,national-r8-c2,national,en,National Tab R8C2,National default tab at row 8 column 2 (auto-generated),published,national-r8-c2,false
cmgrpznj200d5tmrw4y2jjr59,national-r8-c3,national,en,National Tab R8C3,National default tab at row 8 column 3 (auto-generated),published,national-r8-c3,false
cmgrpznj400d7tmrwhdx1q0mb,national-r8-c4,national,en,National Tab R8C4,National default tab at row 8 column 4 (auto-generated),published,national-r8-c4,false
cmgrpznj700d9tmrwfwdl13ub,national-r8-c5,national,en,National Tab R8C5,National default tab at row 8 column 5 (auto-generated),published,national-r8-c5,false
cmgrpznj900dbtmrwgx0k9bxg,national-r8-c6,national,en,National Tab R8C6,National default tab at row 8 column 6 (auto-generated),published,national-r8-c6,false
cmgrpznjb00ddtmrwre1trqm2,national-r9-c1,national,en,National Tab R9C1,National default tab at row 9 column 1 (auto-generated),published,national-r9-c1,false
cmgrpznjd00dftmrwnep9kcrm,national-r9-c2,national,en,National Tab R9C2,National default tab at row 9 column 2 (auto-generated),published,national-r9-c2,false
cmgrpznjf00dhtmrwntt9lgdl,national-r9-c3,national,en,National Tab R9C3,National default tab at row 9 column 3 (auto-generated),published,national-r9-c3,false
cmgrpznji00djtmrwgqu7w0hh,national-r9-c4,national,en,National Tab R9C4,National default tab at row 9 column 4 (auto-generated),published,national-r9-c4,false
cmgrpznjk00dltmrwaxg69mf4,national-r9-c5,national,en,National Tab R9C5,National default tab at row 9 column 5 (auto-generated),published,national-r9-c5,false
cmgrpznjm00dntmrw11vxisv9,national-r9-c6,national,en,National Tab R9C6,National default tab at row 9 column 6 (auto-generated),published,national-r9-c6,false
cmgrpznjo00dptmrwe49h73oz,national-r10-c1,national,en,National Tab R10C1,National default tab at row 10 column 1 (auto-generated),published,national-r10-c1,false
cmgrpznjq00drtmrw4j85x5ae,national-r10-c2,national,en,National Tab R10C2,National default tab at row 10 column 2 (auto-generated),published,national-r10-c2,false
cmgrpznjs00dttmrworiz5krn,national-r10-c3,national,en,National Tab R10C3,National default tab at row 10 column 3 (auto-generated),published,national-r10-c3,false
cmgrpznju00dvtmrwlblg16jg,national-r10-c4,national,en,National Tab R10C4,National default tab at row 10 column 4 (auto-generated),published,national-r10-c4,false
cmgrpznjx00dxtmrwk0uhytxt,national-r10-c5,national,en,National Tab R10C5,National default tab at row 10 column 5 (auto-generated),published,national-r10-c5,false
cmgrpznjz00dztmrwwyn9kko7,national-r10-c6,national,en,National Tab R10C6,National default tab at row 10 column 6 (auto-generated),published,national-r10-c6,false
cmgrpznk100e1tmrw06wqd9pt,national-r11-c1,national,en,National Tab R11C1,National default tab at row 11 column 1 (auto-generated),published,national-r11-c1,false
cmgrpznk300e3tmrw2dudmz2t,national-r11-c2,national,en,National Tab R11C2,National default tab at row 11 column 2 (auto-generated),published,national-r11-c2,false
cmgrpznk500e5tmrws2ry8e44,national-r11-c3,national,en,National Tab R11C3,National default tab at row 11 column 3 (auto-generated),published,national-r11-c3,false
cmgrpznk700e7tmrwy5evm5b5,national-r11-c4,national,en,National Tab R11C4,National default tab at row 11 column 4 (auto-generated),published,national-r11-c4,false
cmgrpznka00e9tmrwkb6nzr33,national-r11-c5,national,en,National Tab R11C5,National default tab at row 11 column 5 (auto-generated),published,national-r11-c5,false
cmgrpznkc00ebtmrw6br8ky9c,national-r11-c6,national,en,National Tab R11C6,National default tab at row 11 column 6 (auto-generated),published,national-r11-c6,false
cmgrpznke00edtmrw1ch9wggt,national-r12-c1,national,en,National Tab R12C1,National default tab at row 12 column 1 (auto-generated),published,national-r12-c1,false
cmgrpznkg00eftmrwpbl7kab5,national-r12-c2,national,en,National Tab R12C2,National default tab at row 12 column 2 (auto-generated),published,national-r12-c2,false
cmgrpznkj00ehtmrwgepiiwlv,national-r12-c3,national,en,National Tab R12C3,National default tab at row 12 column 3 (auto-generated),published,national-r12-c3,false
cmgrpznkl00ejtmrwq37vtqoh,national-r12-c4,national,en,National Tab R12C4,National default tab at row 12 column 4 (auto-generated),published,national-r12-c4,false
cmgrpznkn00eltmrw66bx2zsb,national-r12-c5,national,en,National Tab R12C5,National default tab at row 12 column 5 (auto-generated),published,national-r12-c5,false
cmgrpznkp00entmrwk4gfnwbr,national-r12-c6,national,en,National Tab R12C6,National default tab at row 12 column 6 (auto-generated),published,national-r12-c6,false
cmgrpznkr00eptmrw94poev5j,national-r13-c1,national,en,National Tab R13C1,National default tab at row 13 column 1 (auto-generated),published,national-r13-c1,false
cmgrpznkt00ertmrwdhbtnme5,national-r13-c2,national,en,National Tab R13C2,National default tab at row 13 column 2 (auto-generated),published,national-r13-c2,false
cmgrpznkv00ettmrwvym35gkm,national-r13-c3,national,en,National Tab R13C3,National default tab at row 13 column 3 (auto-generated),published,national-r13-c3,false
cmgrpznkx00evtmrwxwu43p1z,national-r13-c4,national,en,National Tab R13C4,National default tab at row 13 column 4 (auto-generated),published,national-r13-c4,false
cmgrpznkz00extmrw11davu12,national-r13-c5,national,en,National Tab R13C5,National default tab at row 13 column 5 (auto-generated),published,national-r13-c5,false
cmgrpznl100eztmrwoy6g4xdk,national-r13-c6,national,en,National Tab R13C6,National default tab at row 13 column 6 (auto-generated),published,national-r13-c6,false
cmgrpznl300f1tmrwe5k96z1s,national-r14-c1,national,en,National Tab R14C1,National default tab at row 14 column 1 (auto-generated),published,national-r14-c1,false
cmgrpznl600f3tmrw7zksi48a,national-r14-c2,national,en,National Tab R14C2,National default tab at row 14 column 2 (auto-generated),published,national-r14-c2,false
cmgrpznl900f5tmrwjpc2fvc8,national-r14-c3,national,en,National Tab R14C3,National default tab at row 14 column 3 (auto-generated),published,national-r14-c3,false
cmgrpznlb00f7tmrwtesdxg4k,national-r14-c4,national,en,National Tab R14C4,National default tab at row 14 column 4 (auto-generated),published,national-r14-c4,false
cmgrpznld00f9tmrwzeq6hag3,national-r14-c5,national,en,National Tab R14C5,National default tab at row 14 column 5 (auto-generated),published,national-r14-c5,false
cmgrpznlf00fbtmrwov1xlvum,national-r14-c6,national,en,National Tab R14C6,National default tab at row 14 column 6 (auto-generated),published,national-r14-c6,false
cmgrpznlh00fdtmrw5mq9nk38,national-r15-c1,national,en,National Tab R15C1,National default tab at row 15 column 1 (auto-generated),published,national-r15-c1,false
cmgrpznlk00fftmrwbpk4mzib,national-r15-c2,national,en,National Tab R15C2,National default tab at row 15 column 2 (auto-generated),published,national-r15-c2,false
cmgrpznlm00fhtmrw5xza5ok8,national-r15-c3,national,en,National Tab R15C3,National default tab at row 15 column 3 (auto-generated),published,national-r15-c3,false
cmgrpznlp00fjtmrw2qjy0usr,national-r15-c4,national,en,National Tab R15C4,National default tab at row 15 column 4 (auto-generated),published,national-r15-c4,false
cmgrpznlt00fltmrwhxruz8ie,national-r15-c5,national,en,National Tab R15C5,National default tab at row 15 column 5 (auto-generated),published,national-r15-c5,false
cmgrpznlw00fntmrwz51158pg,national-r15-c6,national,en,National Tab R15C6,National default tab at row 15 column 6 (auto-generated),published,national-r15-c6,false
cmgrpznlz00fptmrw55rmjfmb,global-r1-c1,global,en,Global Tab R1C1,Global default tab at row 1 column 1 (auto-generated),published,global-r1-c1,false
cmgrpznm100frtmrwqtnngha7,global-r1-c2,global,en,Global Tab R1C2,Global default tab at row 1 column 2 (auto-generated),published,global-r1-c2,false
cmgrpznm300fttmrwxw23duey,global-r1-c3,global,en,Global Tab R1C3,Global default tab at row 1 column 3 (auto-generated),published,global-r1-c3,false
cmgrpznm500fvtmrwz9vx0mgi,global-r1-c4,global,en,Global Tab R1C4,Global default tab at row 1 column 4 (auto-generated),published,global-r1-c4,false
cmgrpznm800fxtmrwmcdsxv5u,global-r1-c5,global,en,Global Tab R1C5,Global default tab at row 1 column 5 (auto-generated),published,global-r1-c5,false
cmgrpznma00fztmrw3xgz5w3v,global-r1-c6,global,en,Global Tab R1C6,Global default tab at row 1 column 6 (auto-generated),published,global-r1-c6,false
cmgrpznmc00g1tmrwhpvg8nhp,global-r2-c1,global,en,Global Tab R2C1,Global default tab at row 2 column 1 (auto-generated),published,global-r2-c1,false
cmgrpznme00g3tmrwetulek7a,global-r2-c2,global,en,Global Tab R2C2,Global default tab at row 2 column 2 (auto-generated),published,global-r2-c2,false
cmgrpznmg00g5tmrwp2ry9vmu,global-r2-c3,global,en,Global Tab R2C3,Global default tab at row 2 column 3 (auto-generated),published,global-r2-c3,false
cmgrpznmi00g7tmrwwlou2gp8,global-r2-c4,global,en,Global Tab R2C4,Global default tab at row 2 column 4 (auto-generated),published,global-r2-c4,false
cmgrpznmk00g9tmrw3vjijz14,global-r2-c5,global,en,Global Tab R2C5,Global default tab at row 2 column 5 (auto-generated),published,global-r2-c5,false
cmgrpznmm00gbtmrwjt0fv6s2,global-r2-c6,global,en,Global Tab R2C6,Global default tab at row 2 column 6 (auto-generated),published,global-r2-c6,false
cmgrpznmp00gdtmrwolnj7w4l,global-r3-c1,global,en,Global Tab R3C1,Global default tab at row 3 column 1 (auto-generated),published,global-r3-c1,false
cmgrpznmr00gftmrwrawoidqo,global-r3-c2,global,en,Global Tab R3C2,Global default tab at row 3 column 2 (auto-generated),published,global-r3-c2,false
cmgrpznmt00ghtmrwgln1rjnv,global-r3-c3,global,en,Global Tab R3C3,Global default tab at row 3 column 3 (auto-generated),published,global-r3-c3,false
cmgrpznmv00gjtmrwx1hcei8g,global-r3-c4,global,en,Global Tab R3C4,Global default tab at row 3 column 4 (auto-generated),published,global-r3-c4,false
cmgrpznmy00gltmrwssi9metl,global-r3-c5,global,en,Global Tab R3C5,Global default tab at row 3 column 5 (auto-generated),published,global-r3-c5,false
cmgrpznn100gntmrwboj0xaim,global-r3-c6,global,en,Global Tab R3C6,Global default tab at row 3 column 6 (auto-generated),published,global-r3-c6,false
cmgrpznn300gptmrwl0u0522f,global-r4-c1,global,en,Global Tab R4C1,Global default tab at row 4 column 1 (auto-generated),published,global-r4-c1,false
cmgrpznn500grtmrwd6o8hynn,global-r4-c2,global,en,Global Tab R4C2,Global default tab at row 4 column 2 (auto-generated),published,global-r4-c2,false
cmgrpznn700gttmrwm4wgdhrn,global-r4-c3,global,en,Global Tab R4C3,Global default tab at row 4 column 3 (auto-generated),published,global-r4-c3,false
cmgrpznna00gvtmrwe9h17x7f,global-r4-c4,global,en,Global Tab R4C4,Global default tab at row 4 column 4 (auto-generated),published,global-r4-c4,false
cmgrpznnc00gxtmrwaagx59xm,global-r4-c5,global,en,Global Tab R4C5,Global default tab at row 4 column 5 (auto-generated),published,global-r4-c5,false
cmgrpznng00gztmrwcxfn5zbm,global-r4-c6,global,en,Global Tab R4C6,Global default tab at row 4 column 6 (auto-generated),published,global-r4-c6,false
cmgrpznni00h1tmrwv1opern8,global-r5-c1,global,en,Global Tab R5C1,Global default tab at row 5 column 1 (auto-generated),published,global-r5-c1,false
cmgrpznnl00h3tmrwygvagds3,global-r5-c2,global,en,Global Tab R5C2,Global default tab at row 5 column 2 (auto-generated),published,global-r5-c2,false
cmgrpznnn00h5tmrwgtc04on2,global-r5-c3,global,en,Global Tab R5C3,Global default tab at row 5 column 3 (auto-generated),published,global-r5-c3,false
cmgrpznnp00h7tmrwhz6mitf4,global-r5-c4,global,en,Global Tab R5C4,Global default tab at row 5 column 4 (auto-generated),published,global-r5-c4,false
cmgrpznnr00h9tmrw8p45t9hc,global-r5-c5,global,en,Global Tab R5C5,Global default tab at row 5 column 5 (auto-generated),published,global-r5-c5,false
cmgrpznnu00hbtmrwkhpcc60v,global-r5-c6,global,en,Global Tab R5C6,Global default tab at row 5 column 6 (auto-generated),published,global-r5-c6,false
cmgrpznnx00hdtmrwnvi7cw5j,global-r6-c1,global,en,Global Tab R6C1,Global default tab at row 6 column 1 (auto-generated),published,global-r6-c1,false
cmgrpzno000hftmrwhvgarq92,global-r6-c2,global,en,Global Tab R6C2,Global default tab at row 6 column 2 (auto-generated),published,global-r6-c2,false
cmgrpzno300hhtmrwnm3g7xgy,global-r6-c3,global,en,Global Tab R6C3,Global default tab at row 6 column 3 (auto-generated),published,global-r6-c3,false
cmgrpzno500hjtmrw6aa412f7,global-r6-c4,global,en,Global Tab R6C4,Global default tab at row 6 column 4 (auto-generated),published,global-r6-c4,false
cmgrpzno900hltmrw07noa9y0,global-r6-c5,global,en,Global Tab R6C5,Global default tab at row 6 column 5 (auto-generated),published,global-r6-c5,false
cmgrpznob00hntmrw2zi36ztn,global-r6-c6,global,en,Global Tab R6C6,Global default tab at row 6 column 6 (auto-generated),published,global-r6-c6,false
cmgrpznod00hptmrw53iwctmv,global-r7-c1,global,en,Global Tab R7C1,Global default tab at row 7 column 1 (auto-generated),published,global-r7-c1,false
cmgrpznog00hrtmrw8mimu90f,global-r7-c2,global,en,Global Tab R7C2,Global default tab at row 7 column 2 (auto-generated),published,global-r7-c2,false
cmgrpznoi00httmrwlba53yl7,global-r7-c3,global,en,Global Tab R7C3,Global default tab at row 7 column 3 (auto-generated),published,global-r7-c3,false
cmgrpznok00hvtmrwik0l2ezx,global-r7-c4,global,en,Global Tab R7C4,Global default tab at row 7 column 4 (auto-generated),published,global-r7-c4,false
cmgrpznom00hxtmrwopeiqef4,global-r7-c5,global,en,Global Tab R7C5,Global default tab at row 7 column 5 (auto-generated),published,global-r7-c5,false
cmgrpznop00hztmrwxe5fb4wg,global-r7-c6,global,en,Global Tab R7C6,Global default tab at row 7 column 6 (auto-generated),published,global-r7-c6,false
cmgrpznot00i1tmrwuy3sv1bb,global-r8-c1,global,en,Global Tab R8C1,Global default tab at row 8 column 1 (auto-generated),published,global-r8-c1,false
cmgrpznox00i3tmrwxa3mxua4,global-r8-c2,global,en,Global Tab R8C2,Global default tab at row 8 column 2 (auto-generated),published,global-r8-c2,false
cmgrpznoz00i5tmrw2ue5rolx,global-r8-c3,global,en,Global Tab R8C3,Global default tab at row 8 column 3 (auto-generated),published,global-r8-c3,false
cmgrpznp100i7tmrw5q7o0jml,global-r8-c4,global,en,Global Tab R8C4,Global default tab at row 8 column 4 (auto-generated),published,global-r8-c4,false
cmgrpznp400i9tmrwzng4svmx,global-r8-c5,global,en,Global Tab R8C5,Global default tab at row 8 column 5 (auto-generated),published,global-r8-c5,false
cmgrpznp600ibtmrw4rwdidwz,global-r8-c6,global,en,Global Tab R8C6,Global default tab at row 8 column 6 (auto-generated),published,global-r8-c6,false
cmgrpznp800idtmrw481omu3s,global-r9-c1,global,en,Global Tab R9C1,Global default tab at row 9 column 1 (auto-generated),published,global-r9-c1,false
cmgrpznpa00iftmrwokuaxjst,global-r9-c2,global,en,Global Tab R9C2,Global default tab at row 9 column 2 (auto-generated),published,global-r9-c2,false
cmgrpznpd00ihtmrwugu139kb,global-r9-c3,global,en,Global Tab R9C3,Global default tab at row 9 column 3 (auto-generated),published,global-r9-c3,false
cmgrpznpf00ijtmrw7kx922sd,global-r9-c4,global,en,Global Tab R9C4,Global default tab at row 9 column 4 (auto-generated),published,global-r9-c4,false
cmgrpznph00iltmrwnwdkyhxq,global-r9-c5,global,en,Global Tab R9C5,Global default tab at row 9 column 5 (auto-generated),published,global-r9-c5,false
cmgrpznpk00intmrwe9xhl98w,global-r9-c6,global,en,Global Tab R9C6,Global default tab at row 9 column 6 (auto-generated),published,global-r9-c6,false
cmgrpznpn00iptmrw80rke90p,global-r10-c1,global,en,Global Tab R10C1,Global default tab at row 10 column 1 (auto-generated),published,global-r10-c1,false
cmgrpznpp00irtmrwx0c6jraw,global-r10-c2,global,en,Global Tab R10C2,Global default tab at row 10 column 2 (auto-generated),published,global-r10-c2,false
cmgrpznpr00ittmrwumz4mkfo,global-r10-c3,global,en,Global Tab R10C3,Global default tab at row 10 column 3 (auto-generated),published,global-r10-c3,false
cmgrpznpt00ivtmrwlwwmvjsk,global-r10-c4,global,en,Global Tab R10C4,Global default tab at row 10 column 4 (auto-generated),published,global-r10-c4,false
cmgrpznpv00ixtmrwh0fl9evh,global-r10-c5,global,en,Global Tab R10C5,Global default tab at row 10 column 5 (auto-generated),published,global-r10-c5,false
cmgrpznpy00iztmrw17h510ve,global-r10-c6,global,en,Global Tab R10C6,Global default tab at row 10 column 6 (auto-generated),published,global-r10-c6,false
cmgrpznq000j1tmrwwr44as1j,global-r11-c1,global,en,Global Tab R11C1,Global default tab at row 11 column 1 (auto-generated),published,global-r11-c1,false
cmgrpznq300j3tmrws5xn2ls2,global-r11-c2,global,en,Global Tab R11C2,Global default tab at row 11 column 2 (auto-generated),published,global-r11-c2,false
cmgrpznq500j5tmrw09r0f3jo,global-r11-c3,global,en,Global Tab R11C3,Global default tab at row 11 column 3 (auto-generated),published,global-r11-c3,false
cmgrpznq700j7tmrwlzrnmnj0,global-r11-c4,global,en,Global Tab R11C4,Global default tab at row 11 column 4 (auto-generated),published,global-r11-c4,false
cmgrpznqa00j9tmrwq5xm58e9,global-r11-c5,global,en,Global Tab R11C5,Global default tab at row 11 column 5 (auto-generated),published,global-r11-c5,false
cmgrpznqc00jbtmrwmfj7ci89,global-r11-c6,global,en,Global Tab R11C6,Global default tab at row 11 column 6 (auto-generated),published,global-r11-c6,false
cmgrpznqf00jdtmrwnirli3ls,global-r12-c1,global,en,Global Tab R12C1,Global default tab at row 12 column 1 (auto-generated),published,global-r12-c1,false
cmgrpznqi00jftmrw0bx0ne3f,global-r12-c2,global,en,Global Tab R12C2,Global default tab at row 12 column 2 (auto-generated),published,global-r12-c2,false
cmgrpznqk00jhtmrw8ettgo4g,global-r12-c3,global,en,Global Tab R12C3,Global default tab at row 12 column 3 (auto-generated),published,global-r12-c3,false
cmgrpznqm00jjtmrw47b53pr7,global-r12-c4,global,en,Global Tab R12C4,Global default tab at row 12 column 4 (auto-generated),published,global-r12-c4,false
cmgrpznqo00jltmrwuefaw67u,global-r12-c5,global,en,Global Tab R12C5,Global default tab at row 12 column 5 (auto-generated),published,global-r12-c5,false
cmgrpznqr00jntmrw8g88n6tp,global-r12-c6,global,en,Global Tab R12C6,Global default tab at row 12 column 6 (auto-generated),published,global-r12-c6,false
cmgrpznqt00jptmrwgjjhw060,global-r13-c1,global,en,Global Tab R13C1,Global default tab at row 13 column 1 (auto-generated),published,global-r13-c1,false
cmgrpznqw00jrtmrw7lmjdas9,global-r13-c2,global,en,Global Tab R13C2,Global default tab at row 13 column 2 (auto-generated),published,global-r13-c2,false
cmgrpznqy00jttmrw8pq60prw,global-r13-c3,global,en,Global Tab R13C3,Global default tab at row 13 column 3 (auto-generated),published,global-r13-c3,false
cmgrpznr000jvtmrweyresf3j,global-r13-c4,global,en,Global Tab R13C4,Global default tab at row 13 column 4 (auto-generated),published,global-r13-c4,false
cmgrpznr300jxtmrwvqdrbp6x,global-r13-c5,global,en,Global Tab R13C5,Global default tab at row 13 column 5 (auto-generated),published,global-r13-c5,false
cmgrpznr500jztmrw51rodv9x,global-r13-c6,global,en,Global Tab R13C6,Global default tab at row 13 column 6 (auto-generated),published,global-r13-c6,false
cmgrpznr700k1tmrweevwy5uc,global-r14-c1,global,en,Global Tab R14C1,Global default tab at row 14 column 1 (auto-generated),published,global-r14-c1,false
cmgrpznra00k3tmrwrlcftis4,global-r14-c2,global,en,Global Tab R14C2,Global default tab at row 14 column 2 (auto-generated),published,global-r14-c2,false
cmgrpznrd00k5tmrw6of1wxzm,global-r14-c3,global,en,Global Tab R14C3,Global default tab at row 14 column 3 (auto-generated),published,global-r14-c3,false
cmgrpznrf00k7tmrww1sw5pox,global-r14-c4,global,en,Global Tab R14C4,Global default tab at row 14 column 4 (auto-generated),published,global-r14-c4,false
cmgrpznrh00k9tmrwbycnxxjn,global-r14-c5,global,en,Global Tab R14C5,Global default tab at row 14 column 5 (auto-generated),published,global-r14-c5,false
cmgrpznrj00kbtmrwnf4v5elb,global-r14-c6,global,en,Global Tab R14C6,Global default tab at row 14 column 6 (auto-generated),published,global-r14-c6,false
cmgrpznrm00kdtmrwe155m23x,global-r15-c1,global,en,Global Tab R15C1,Global default tab at row 15 column 1 (auto-generated),published,global-r15-c1,false
cmgrpznrp00kftmrwi945zvq0,global-r15-c2,global,en,Global Tab R15C2,Global default tab at row 15 column 2 (auto-generated),published,global-r15-c2,false
cmgrpznru00khtmrwtn54eqrk,global-r15-c3,global,en,Global Tab R15C3,Global default tab at row 15 column 3 (auto-generated),published,global-r15-c3,false
cmgrpznrx00kjtmrwupao46b2,global-r15-c4,global,en,Global Tab R15C4,Global default tab at row 15 column 4 (auto-generated),published,global-r15-c4,false
cmgrpznrz00kltmrwxjpmn3a7,global-r15-c5,global,en,Global Tab R15C5,Global default tab at row 15 column 5 (auto-generated),published,global-r15-c5,false
cmgrpzns200kntmrwd58qno7t,global-r15-c6,global,en,Global Tab R15C6,Global default tab at row 15 column 6 (auto-generated),published,global-r15-c6,false
cmgrpzns400kptmrw0sr82ik7,universal-r1-c1,universal,en,Universal Tab R1C1,Universal default tab at row 1 column 1 (auto-generated),published,universal-r1-c1,false
cmgrpzns600krtmrwwhtjnuu3,universal-r1-c2,universal,en,Universal Tab R1C2,Universal default tab at row 1 column 2 (auto-generated),published,universal-r1-c2,false
cmgrpzns800kttmrwloqpzlpo,universal-r1-c3,universal,en,Universal Tab R1C3,Universal default tab at row 1 column 3 (auto-generated),published,universal-r1-c3,false
cmgrpznsa00kvtmrwvyk04ugx,universal-r1-c4,universal,en,Universal Tab R1C4,Universal default tab at row 1 column 4 (auto-generated),published,universal-r1-c4,false
cmgrpznsd00kxtmrw6ut1j057,universal-r1-c5,universal,en,Universal Tab R1C5,Universal default tab at row 1 column 5 (auto-generated),published,universal-r1-c5,false
cmgrpznsf00kztmrwik6c7e0g,universal-r1-c6,universal,en,Universal Tab R1C6,Universal default tab at row 1 column 6 (auto-generated),published,universal-r1-c6,false
cmgrpznsh00l1tmrw12yt8ar9,universal-r2-c1,universal,en,Universal Tab R2C1,Universal default tab at row 2 column 1 (auto-generated),published,universal-r2-c1,false
cmgrpznsk00l3tmrwhxlg0xot,universal-r2-c2,universal,en,Universal Tab R2C2,Universal default tab at row 2 column 2 (auto-generated),published,universal-r2-c2,false
cmgrpznsn00l5tmrwo7c5ar5y,universal-r2-c3,universal,en,Universal Tab R2C3,Universal default tab at row 2 column 3 (auto-generated),published,universal-r2-c3,false
cmgrpznsp00l7tmrwkljzsgx5,universal-r2-c4,universal,en,Universal Tab R2C4,Universal default tab at row 2 column 4 (auto-generated),published,universal-r2-c4,false
cmgrpznss00l9tmrwx56mrgge,universal-r2-c5,universal,en,Universal Tab R2C5,Universal default tab at row 2 column 5 (auto-generated),published,universal-r2-c5,false
cmgrpznsu00lbtmrw94lsjgzt,universal-r2-c6,universal,en,Universal Tab R2C6,Universal default tab at row 2 column 6 (auto-generated),published,universal-r2-c6,false
cmgrpznsw00ldtmrwptn6bugt,universal-r3-c1,universal,en,Universal Tab R3C1,Universal default tab at row 3 column 1 (auto-generated),published,universal-r3-c1,false
cmgrpznsy00lftmrwyijehqd1,universal-r3-c2,universal,en,Universal Tab R3C2,Universal default tab at row 3 column 2 (auto-generated),published,universal-r3-c2,false
cmgrpznt000lhtmrwjjr4i9kf,universal-r3-c3,universal,en,Universal Tab R3C3,Universal default tab at row 3 column 3 (auto-generated),published,universal-r3-c3,false
cmgrpznt200ljtmrw1wda9v0a,universal-r3-c4,universal,en,Universal Tab R3C4,Universal default tab at row 3 column 4 (auto-generated),published,universal-r3-c4,false
cmgrpznt400lltmrwvsspjyfy,universal-r3-c5,universal,en,Universal Tab R3C5,Universal default tab at row 3 column 5 (auto-generated),published,universal-r3-c5,false
cmgrpznt600lntmrw3omt34nm,universal-r3-c6,universal,en,Universal Tab R3C6,Universal default tab at row 3 column 6 (auto-generated),published,universal-r3-c6,false
cmgrpznt800lptmrw9k294my2,universal-r4-c1,universal,en,Universal Tab R4C1,Universal default tab at row 4 column 1 (auto-generated),published,universal-r4-c1,false
cmgrpznta00lrtmrwji3n6tj0,universal-r4-c2,universal,en,Universal Tab R4C2,Universal default tab at row 4 column 2 (auto-generated),published,universal-r4-c2,false
cmgrpzntc00lttmrwb1a4xxli,universal-r4-c3,universal,en,Universal Tab R4C3,Universal default tab at row 4 column 3 (auto-generated),published,universal-r4-c3,false
cmgrpznte00lvtmrwnhxjw008,universal-r4-c4,universal,en,Universal Tab R4C4,Universal default tab at row 4 column 4 (auto-generated),published,universal-r4-c4,false
cmgrpznth00lxtmrwohdkhmms,universal-r4-c5,universal,en,Universal Tab R4C5,Universal default tab at row 4 column 5 (auto-generated),published,universal-r4-c5,false
cmgrpzntj00lztmrwq712qkw4,universal-r4-c6,universal,en,Universal Tab R4C6,Universal default tab at row 4 column 6 (auto-generated),published,universal-r4-c6,false
cmgrpzntl00m1tmrwoxpifp2b,universal-r5-c1,universal,en,Universal Tab R5C1,Universal default tab at row 5 column 1 (auto-generated),published,universal-r5-c1,false
cmgrpznto00m3tmrwxk7mnhin,universal-r5-c2,universal,en,Universal Tab R5C2,Universal default tab at row 5 column 2 (auto-generated),published,universal-r5-c2,false
cmgrpzntq00m5tmrwptci6obd,universal-r5-c3,universal,en,Universal Tab R5C3,Universal default tab at row 5 column 3 (auto-generated),published,universal-r5-c3,false
cmgrpzntt00m7tmrw3v0356yr,universal-r5-c4,universal,en,Universal Tab R5C4,Universal default tab at row 5 column 4 (auto-generated),published,universal-r5-c4,false
cmgrpzntx00m9tmrwhuogclsg,universal-r5-c5,universal,en,Universal Tab R5C5,Universal default tab at row 5 column 5 (auto-generated),published,universal-r5-c5,false
cmgrpznu000mbtmrwb4xmr0u8,universal-r5-c6,universal,en,Universal Tab R5C6,Universal default tab at row 5 column 6 (auto-generated),published,universal-r5-c6,false
cmgrpznu300mdtmrwdu2ha4x7,universal-r6-c1,universal,en,Universal Tab R6C1,Universal default tab at row 6 column 1 (auto-generated),published,universal-r6-c1,false
cmgrpznu500mftmrw3dwlh1sf,universal-r6-c2,universal,en,Universal Tab R6C2,Universal default tab at row 6 column 2 (auto-generated),published,universal-r6-c2,false
cmgrpznu800mhtmrwkjaawtt6,universal-r6-c3,universal,en,Universal Tab R6C3,Universal default tab at row 6 column 3 (auto-generated),published,universal-r6-c3,false
cmgrpznub00mjtmrwdrlhqpwn,universal-r6-c4,universal,en,Universal Tab R6C4,Universal default tab at row 6 column 4 (auto-generated),published,universal-r6-c4,false
cmgrpznue00mltmrwdau5474c,universal-r6-c5,universal,en,Universal Tab R6C5,Universal default tab at row 6 column 5 (auto-generated),published,universal-r6-c5,false
cmgrpznug00mntmrwvd61gnyq,universal-r6-c6,universal,en,Universal Tab R6C6,Universal default tab at row 6 column 6 (auto-generated),published,universal-r6-c6,false
cmgrpznuj00mptmrwws0yvj71,universal-r7-c1,universal,en,Universal Tab R7C1,Universal default tab at row 7 column 1 (auto-generated),published,universal-r7-c1,false
cmgrpznul00mrtmrwi7735yk9,universal-r7-c2,universal,en,Universal Tab R7C2,Universal default tab at row 7 column 2 (auto-generated),published,universal-r7-c2,false
cmgrpznuo00mttmrwqsi7vs9v,universal-r7-c3,universal,en,Universal Tab R7C3,Universal default tab at row 7 column 3 (auto-generated),published,universal-r7-c3,false
cmgrpznur00mvtmrwbquhsvtj,universal-r7-c4,universal,en,Universal Tab R7C4,Universal default tab at row 7 column 4 (auto-generated),published,universal-r7-c4,false
cmgrpznuv00mxtmrwakmggc5h,universal-r7-c5,universal,en,Universal Tab R7C5,Universal default tab at row 7 column 5 (auto-generated),published,universal-r7-c5,false
cmgrpznuy00mztmrw4bnj9v66,universal-r7-c6,universal,en,Universal Tab R7C6,Universal default tab at row 7 column 6 (auto-generated),published,universal-r7-c6,false
cmgrpznv100n1tmrwxya0865n,universal-r8-c1,universal,en,Universal Tab R8C1,Universal default tab at row 8 column 1 (auto-generated),published,universal-r8-c1,false
cmgrpznv400n3tmrwabqwyp9s,universal-r8-c2,universal,en,Universal Tab R8C2,Universal default tab at row 8 column 2 (auto-generated),published,universal-r8-c2,false
cmgrpznv600n5tmrwcnfokkru,universal-r8-c3,universal,en,Universal Tab R8C3,Universal default tab at row 8 column 3 (auto-generated),published,universal-r8-c3,false
cmgrpznv900n7tmrwnswxea6d,universal-r8-c4,universal,en,Universal Tab R8C4,Universal default tab at row 8 column 4 (auto-generated),published,universal-r8-c4,false
cmgrpznvc00n9tmrww56a3qeg,universal-r8-c5,universal,en,Universal Tab R8C5,Universal default tab at row 8 column 5 (auto-generated),published,universal-r8-c5,false
cmgrpznve00nbtmrwa9317nkf,universal-r8-c6,universal,en,Universal Tab R8C6,Universal default tab at row 8 column 6 (auto-generated),published,universal-r8-c6,false
cmgrpznvg00ndtmrwswz0ft9x,universal-r9-c1,universal,en,Universal Tab R9C1,Universal default tab at row 9 column 1 (auto-generated),published,universal-r9-c1,false
cmgrpznvj00nftmrw5bqtr9ii,universal-r9-c2,universal,en,Universal Tab R9C2,Universal default tab at row 9 column 2 (auto-generated),published,universal-r9-c2,false
cmgrpznvm00nhtmrwx4vv9cu1,universal-r9-c3,universal,en,Universal Tab R9C3,Universal default tab at row 9 column 3 (auto-generated),published,universal-r9-c3,false
cmgrpznvo00njtmrw5ksfefck,universal-r9-c4,universal,en,Universal Tab R9C4,Universal default tab at row 9 column 4 (auto-generated),published,universal-r9-c4,false
cmgrpznvq00nltmrwksz7uau0,universal-r9-c5,universal,en,Universal Tab R9C5,Universal default tab at row 9 column 5 (auto-generated),published,universal-r9-c5,false
cmgrpznvt00nntmrwpwfo1wcy,universal-r9-c6,universal,en,Universal Tab R9C6,Universal default tab at row 9 column 6 (auto-generated),published,universal-r9-c6,false
cmgrpznvv00nptmrwxcfwzprw,universal-r10-c1,universal,en,Universal Tab R10C1,Universal default tab at row 10 column 1 (auto-generated),published,universal-r10-c1,false
cmgrpznvy00nrtmrwh2i5kf8c,universal-r10-c2,universal,en,Universal Tab R10C2,Universal default tab at row 10 column 2 (auto-generated),published,universal-r10-c2,false
cmgrpznw000nttmrwlmkzxw18,universal-r10-c3,universal,en,Universal Tab R10C3,Universal default tab at row 10 column 3 (auto-generated),published,universal-r10-c3,false
cmgrpznw300nvtmrwyok6j21f,universal-r10-c4,universal,en,Universal Tab R10C4,Universal default tab at row 10 column 4 (auto-generated),published,universal-r10-c4,false
cmgrpznw500nxtmrwnz24xbze,universal-r10-c5,universal,en,Universal Tab R10C5,Universal default tab at row 10 column 5 (auto-generated),published,universal-r10-c5,false
cmgrpznw800nztmrw4o4e2we6,universal-r10-c6,universal,en,Universal Tab R10C6,Universal default tab at row 10 column 6 (auto-generated),published,universal-r10-c6,false
cmgrpznwa00o1tmrwzhcu3khe,universal-r11-c1,universal,en,Universal Tab R11C1,Universal default tab at row 11 column 1 (auto-generated),published,universal-r11-c1,false
cmgrpznwd00o3tmrwqgne9jer,universal-r11-c2,universal,en,Universal Tab R11C2,Universal default tab at row 11 column 2 (auto-generated),published,universal-r11-c2,false
cmgrpznwg00o5tmrwln37pkeb,universal-r11-c3,universal,en,Universal Tab R11C3,Universal default tab at row 11 column 3 (auto-generated),published,universal-r11-c3,false
cmgrpznwk00o7tmrwz2p13umd,universal-r11-c4,universal,en,Universal Tab R11C4,Universal default tab at row 11 column 4 (auto-generated),published,universal-r11-c4,false
cmgrpznwn00o9tmrwhkxbqaig,universal-r11-c5,universal,en,Universal Tab R11C5,Universal default tab at row 11 column 5 (auto-generated),published,universal-r11-c5,false
cmgrpznwq00obtmrw3kpmfqm9,universal-r11-c6,universal,en,Universal Tab R11C6,Universal default tab at row 11 column 6 (auto-generated),published,universal-r11-c6,false
cmgrpznwt00odtmrwo4ifcble,universal-r12-c1,universal,en,Universal Tab R12C1,Universal default tab at row 12 column 1 (auto-generated),published,universal-r12-c1,false
cmgrpznwx00oftmrwafs13cs0,universal-r12-c2,universal,en,Universal Tab R12C2,Universal default tab at row 12 column 2 (auto-generated),published,universal-r12-c2,false
cmgrpznx000ohtmrwstb6iik3,universal-r12-c3,universal,en,Universal Tab R12C3,Universal default tab at row 12 column 3 (auto-generated),published,universal-r12-c3,false
cmgrpznx300ojtmrwvztuwur1,universal-r12-c4,universal,en,Universal Tab R12C4,Universal default tab at row 12 column 4 (auto-generated),published,universal-r12-c4,false
cmgrpznx700oltmrwwfdz6gdh,universal-r12-c5,universal,en,Universal Tab R12C5,Universal default tab at row 12 column 5 (auto-generated),published,universal-r12-c5,false
cmgrpznx900ontmrw3cuh2m8p,universal-r12-c6,universal,en,Universal Tab R12C6,Universal default tab at row 12 column 6 (auto-generated),published,universal-r12-c6,false
cmgrpznxc00optmrwd1sc30pk,universal-r13-c1,universal,en,Universal Tab R13C1,Universal default tab at row 13 column 1 (auto-generated),published,universal-r13-c1,false
cmgrpznxh00ortmrwuodxuol4,universal-r13-c2,universal,en,Universal Tab R13C2,Universal default tab at row 13 column 2 (auto-generated),published,universal-r13-c2,false
cmgrpznxk00ottmrwrwqatoww,universal-r13-c3,universal,en,Universal Tab R13C3,Universal default tab at row 13 column 3 (auto-generated),published,universal-r13-c3,false
cmgrpznxo00ovtmrw2n2miv9y,universal-r13-c4,universal,en,Universal Tab R13C4,Universal default tab at row 13 column 4 (auto-generated),published,universal-r13-c4,false
cmgrpznxr00oxtmrwrve6ev8e,universal-r13-c5,universal,en,Universal Tab R13C5,Universal default tab at row 13 column 5 (auto-generated),published,universal-r13-c5,false
cmgrpznxu00oztmrwzdu3brn2,universal-r13-c6,universal,en,Universal Tab R13C6,Universal default tab at row 13 column 6 (auto-generated),published,universal-r13-c6,false
cmgrpznxx00p1tmrwee6ui9h6,universal-r14-c1,universal,en,Universal Tab R14C1,Universal default tab at row 14 column 1 (auto-generated),published,universal-r14-c1,false
cmgrpznxz00p3tmrw1nq9rawv,universal-r14-c2,universal,en,Universal Tab R14C2,Universal default tab at row 14 column 2 (auto-generated),published,universal-r14-c2,false
cmgrpzny200p5tmrwx36zd05s,universal-r14-c3,universal,en,Universal Tab R14C3,Universal default tab at row 14 column 3 (auto-generated),published,universal-r14-c3,false
cmgrpzny500p7tmrw2wczbhn4,universal-r14-c4,universal,en,Universal Tab R14C4,Universal default tab at row 14 column 4 (auto-generated),published,universal-r14-c4,false
cmgrpzny700p9tmrwmixrvfql,universal-r14-c5,universal,en,Universal Tab R14C5,Universal default tab at row 14 column 5 (auto-generated),published,universal-r14-c5,false
cmgrpznya00pbtmrwnvsxtzq0,universal-r14-c6,universal,en,Universal Tab R14C6,Universal default tab at row 14 column 6 (auto-generated),published,universal-r14-c6,false
cmgrpznyc00pdtmrwtn9k4jsh,universal-r15-c1,universal,en,Universal Tab R15C1,Universal default tab at row 15 column 1 (auto-generated),published,universal-r15-c1,false
cmgrpznye00pftmrw2sgrn0om,universal-r15-c2,universal,en,Universal Tab R15C2,Universal default tab at row 15 column 2 (auto-generated),published,universal-r15-c2,false
cmgrpznyh00phtmrw6ftlojos,universal-r15-c3,universal,en,Universal Tab R15C3,Universal default tab at row 15 column 3 (auto-generated),published,universal-r15-c3,false
cmgrpznyj00pjtmrw1sf283h4,universal-r15-c4,universal,en,Universal Tab R15C4,Universal default tab at row 15 column 4 (auto-generated),published,universal-r15-c4,false
cmgrpznyn00pltmrwr3jiiier,universal-r15-c5,universal,en,Universal Tab R15C5,Universal default tab at row 15 column 5 (auto-generated),published,universal-r15-c5,false
cmgrpznyq00pntmrwm3sorpz7,universal-r15-c6,universal,en,Universal Tab R15C6,Universal default tab at row 15 column 6 (auto-generated),published,universal-r15-c6,false